1000,abash,to make ashamed
1001,abate,to put an end to
1002,abbreviate,to make shorter
1003,abdicate,"to surrender, renounce or relinquish"
1004,abduct,to take away secretly by force
1005,abed,in bed
1006,aberrant,straying from the right or normal way
1007,abet,"to assist or encourage by aid, especially in crime"
1008,abhor,to loath
1009,abide,to wait for
1010,abject,"to cast off or down, to abase"
1011,abjure,to renounce upon oath
1012,abnegate,to deny (oneself something)
1013,abort,"to miscarry, to bring forth something prematurely"
1014,abound,"to be plentiful, to be very prevalent, to overflow"
1015,abrade,to rub or wear away
1016,abridge,to shorten in duration
1017,abrogate,to abolish by authoritative action
1018,abscess,to form such a collection of pus
1019,abscond,to depart secretly
1020,absolve,to set free from an obligation
1021,abstain,refrain from (something)
1022,abstract,"to separate, to remove, to take away"
1023,abut,"to touch by means of a mutual border, to meet"
1024,accede,"(obsolete) to approach, to arrive, to come forward"
1025,accentuate,to pronounce with an accent or vocal stress
1026,access,to gain or obtain access to
1027,accession,to make a record of (additions to a collection)
1028,acclaim,applaud
1029,acclimate,to habituate to a climate not native
1030,accolade,to embrace or kiss in salutation
1031,accommodate,"to adapt, as, to accommodate ourselves to circumstances"
1032,accompany,to perform an accompanying part or parts in a composition
1033,accomplish,to finish successfully
1034,accord,"to make to agree or correspond, to suit one thing to another"
1035,accordion,"to fold up, in the manner of an accordion"
1036,accost,to approach and speak to boldly or aggressively
1037,account,"to compute, to count"
1038,accouter,to furnish with dress or equipments
1039,accredit,"to put or bring into credit, to invest with credit"
1040,accrue,"to happen or result as a natural growth, addition"
1041,accumulate,"to heap up in a mass, to collect"
1042,accurse,to devote to destruction
1043,accuse,"to find fault with, to blame"
1044,accustom,"to make familiar by use, to cause to accept"
1045,acknowledge,"to admit the knowledge of, to recognize as a fact or truth"
1046,acquaint,to make familiar
1047,acquiesce,to rest satisfied
1048,acquire,to get
1049,acquit,"to declare or find not guilty, innocent"
1050,adapt,"to make suitable, to make to correspond, to fit or suit"
1051,addle,to make or become confused
1052,adduce,to cite (as proof)
1053,adhere,"to stick fast or cleave, to become joined or united"
1054,adjourn,to postpone
1055,adjudge,to declare to be
1056,adjudicate,to settle a legal case or other dispute
1057,admonish,"to warn of a fault, to reprove gently, but seriously"
1058,adorn,to decorate
1059,adulterate,"to make impure by adding improper, or inferior ingredients"
1060,adumbrate,to foreshadow vaguely
1061,advert,to turn attention
1062,advocate,to speak in favor of
1063,affect,to influence or alter
1064,affiliate,"to adopt, to receive into a family as a son, to ally"
1065,affix,to attach
1066,afflict,to distress with mental/bodily pain
1067,affront,"to insult intentionally, especially openly"
1068,agglomerate,"to wind or collect into a ball, to gather into a mass"
1069,aggrandize,to widen in scope
1070,aggravate,"to make worse, or more severe"
1071,aggregate,"to bring together, to collect into a mass or sum"
1072,aggress,"to set upon, to attack"
1073,aggrieve,"to give pain or sorrow to, to afflict, to oppress"
1074,agitate,"to move with a violent, irregular action"
1075,alienate,to make indifferent or hostile
1076,allay,"to make quiet or put at rest, to pacify or appease"
1077,allege,to assert without proof
1078,alleviate,"to make easier to endure, lessen"
1079,allocate,to assign or plot
1080,allot,to distribute by lot
1081,alloy,to mix
1082,allude,to refer casually or indirectly
1083,allure,"to invite by something flattering or acceptable, to entice"
1084,ally,"to unite, or form a connection between"
1085,alter,to change the form or structure of
1086,altercate,"to argue, quarrel or wrangle with someone"
1087,alternate,"to perform by turns or in succession, interchange regularly"
1088,amalgamate,"blend, merge"
1089,amass,to collect into a mass or heap
1090,ambulate,to relocate one's self under the power of one's own legs
1091,ambush,to act of lying in concealment as to attack by surprise
1092,ameliorate,"to make or become better, to improve"
1093,amend,"to make better, to change"
1094,amnesty,to grant a pardon (to a group)
1095,amputate,"to surgically remove a part of the body, especially a limb"
1096,analyze,to subject to analysis
1097,anguish,to suffer pain
1098,animate,to impart motion or the appearance of motion to
1099,annex,"to add something to another, to incorporate into"
1100,annihilate,"to reduce to nothing, to destroy, to eradicate"
1101,annotate,to add annotation
1102,annul,to formally revoke the validity of
1103,anoint,to rub or sprinkle on
1104,ante,"risks, stakes"
1105,antecede,"to go before, to precede"
1106,antedate,"to occur before an event or time, to predate"
1107,antic,a ludicrous or extravagant gesture
1108,antiquate,to cause to become old or obsolete
1109,appease,pacify or placate
1110,append,to add as supplement or in addition
1111,appertain,to relate to
1112,apportion,to divide and distribute portions of a whole
1113,appraise,to assess the value or quality of
1114,apprehend,"to take or seize, to take hold of"
1115,apprise,"to notify, or to make aware, to inform"
1116,arbitrate,"to judge, to umpire"
1117,arouse,"to evoke or awaken a feeling, emotion or response"
1118,arraign,to officially charge someone in a court of law
1119,arrange,"to set up, to organize, especially in a positive manner"
1120,arrogate,"assume, take or claim (something) without justification"
1121,articulate,express (an idea of feeling) fluently and coherently
1122,ascertain,"to find out definitely, to discover or establish"
1123,ascribe,to attribute a cause or characteristic to something
1124,aspire,"to hope or dream, especially towards a profession"
1125,assail,to make a concerted of violent attach on
1126,assassin,to assassinate
1127,assay,to examine or analyze
1128,assent,"to agree to, give approval to"
1129,assert,to state a fact or belief confidently and forcefully
1130,assess,"to determine, estimate or judge the value of, to evaluate"
1131,asseverate,"to declare earnestly, seriously, or positively, to affirm"
1132,assimilate,to take in and incorporate as one's own
1133,assonate,to correspond in (particularly vowel) sounds
1134,assuage,make an unpleasant feeling less intense
1135,astound,to overwhelm with amazement
1136,atone,"to make reparation, compensation, or amends, for an offence"
1137,atrophy,to wither or waste away
1138,attain,"to accomplish, to achieve"
1139,attenuate,"to reduce in size, force, value, amount, or degree"
1140,attest,"to affirm to be correct, true, or genuine"
1141,attribute,"to ascribe (something) to a given cause, reason etc"
1142,augment,to make bigger
1143,augur,"to foretell events, to exhibit signs of future events"
1144,avenge,to vindicate by inflicting pain or evil on a wrongdoer
1145,aver,to state or assert to be the case
1146,averse,to turn away
1147,avert,to turn aside or away
1148,avow,assert or confess openly
1149,awaken,to cause to become awake
1150,awe,to inspire fear and reverence
1151,badger,"to pester, to annoy persistently"
1152,baffle,"totally bewilder, confuse or perplex"
1153,balk,to pass over or by
1154,bandy,"to give and receive reciprocally, to exchange"
1155,barrage,to bombard someone with something
1156,bask,"to revel in, to lie exposed to warmth and light"
1157,baste,"to sew with long, loose stitches"
1158,batten,"to become better, improve in condition"
1159,bawl,to shout or utter in a loud and intense manner
1160,beam,"to emit beams of light, shine, radiate,"
1161,beatify,to make blissful
1162,becalm,"to make calm or still, make quiet, calm"
1163,bedaub,"to smear upon, to soil"
1164,bedeck,"to deck, ornament, or adorn, to grace"
1165,bedraggle,to make something wet and limp
1166,befog,to envelop in fog
1167,befriend,to make a friend of
1168,befuddle,to perplex or confuse (someone)
1169,beget,"to cause, to produce"
1170,begrudge,to be reluctant
1171,beguile,to deceive or delude craftily
1172,behest,"to promise, vow"
1173,belabor,to work at something more than necessary
1174,belay,"to surround, environ, enclose"
1175,beleaguer,to lay siege to
1176,belie,"to lie around, encompass"
1177,bemoan,"to complain about, to dismay or worry about something"
1178,bemuse,to confuse or bewilder
1179,benefice,to bestow a benefice upon
1180,benefit,to be or to provide a benefit to
1181,bequeath,to pass or to leave something over to someone else
1182,berate,"scold, chide"
1183,bereave,"to deprive by or as if by violence, rob, strip"
1184,berth,to bring (a ship or vehicle) into its berth
1185,beseech,to beg or implore
1186,beset,to surround or hem in
1187,besmear,"to smear over, sully"
1188,besmirch,"to make dirty, to soil"
1189,bestow,"to lay up in store, deposit for safe keeping, stow, place"
1190,bestrew,"to strew or scatter about, throw or drop here and there"
1191,bestride,to be astride something
1192,bethink,"to think about, to recollect"
1193,betide,to happen to
1194,betroth,to promise to give in marriage
1195,bevel,to give a canted edge to a surface
1196,bewilder,to cause someone to become perplexed and confused
1197,bicker,"to quarrel in a tiresome, insulting manner"
1198,bide,"(chiefly dialectal) to bear, to endure, to tolerate"
1199,bifurcate,to divide or fork into two channels or branches
1200,bilk,to obtain money fraudulently
1201,billow,present participle of billow
1202,bivouac,to set up camp
1203,blanch,to grow or become white
1204,blandish,"to persuade someone by using flattery, to cajole"
1205,blare,to make a loud sound
1206,blaspheme,to speak against god or religious doctrine
1207,blazon,to describe a coat of arms
1208,blemish,spoil the appearance of
1209,blight,to suffer blight
1210,bluff,to mislead by a display of self-confidence or strength
1211,blunder,to make a stupid mistake
1212,blurt,to speak quickly or without thought
1213,bode,"to indicate by signs, as future events"
1214,bolster,to support or strengthen
1215,bomb,"to attack using one or more bombs, to bombard"
1216,bombard,to attack something with bombs or other missiles
1217,botanize,to study plants or plant life
1218,bowdlerize,"to remove those parts of a text considered offensive, vulgar"
1219,boycott,"to abstain, either as an individual or group"
1220,brandish,to move or swing a weapon back and forth
1221,bray,"of a donkey, to make it cry"
1222,braze,the joining together of two metal pieces without melting
1223,brigade,to form troops into a brigade
1224,brine,to preserve food in a salt solution
1225,bristle,to be on one's guard or raise one's defenses
1226,broach,to mention or suggest for the first time
1227,broadcast,to transmit a message or signal via electronic means
1228,brogue,to speak with an accent
1229,browbeat,"to bully in an intimidating, bossy, or supercilious way"
1230,browse,to casually look through in order to find items of interest
1231,bruit,"to spread, promulgate or disseminate a rumour, news etc"
1232,buffoon,to behave like a buffoon
1233,bulwark,to fortify something with a wall or rampart
1234,bungle,"to botch up, bumble or incompetently perform a task"
1235,burgeon,begin to grow or increase rapidly
1236,burlesque,to make a burlesque parody of
1237,burnish,"to make smooth or shiny by rubbing, to polish, to shine"
1238,bustle,to move busily and energetically with fussiness
1239,buttress,to provide a structure with projecting supports
1240,cadge,ask for or obtain something to which one is not entitled
1241,cajole,persuade someone to do something by flattery or coaxing
1242,calibrate,to check or adjust by comparison with a standard
1243,calumniate,to make false and defamatory statements
1244,cameo,a brief appearance of a prominent actor in a video
1245,campaign,work in an organized and active way toward a particular goal
1246,canary,to dance nimbly (as in the canary dance)
1247,cant,to speak with the jargon of a class or subgroup
1248,canter,to move at such pace
1249,canvas,to cover an area or object
1250,capitulate,"to draw up in chapters, to enumerate"
1251,captivate,"attract and hold interest and attention of, charm"
1252,careen,turn (a ship) of its side for cleaning or repair
1253,caricature,to represent someone in an exaggerated or distorted manner
1254,carouse,to engage in a noisy or drunken social gathering
1255,carp,"to complain about a fault, to harp on"
1256,castigate,"to punish, reprimand someone severely"
1257,catalogue,"a list or record, systematically arranged"
1258,caterwaul,to have a noisy argument
1259,caucus,to hold or form such a group or meeting
1260,cauterize,"to burn, sear, or freeze tissue for curative purposes"
1261,caveat,to qualify a particular statement with a proviso or caveat
1262,cavil,to make petty or unnecessary objections
1263,cavort,"to prance, said of mounts"
1264,cede,"to give up, give way, give away"
1265,censor,to review in order to remove objectionable content
1266,censure,to criticize harshly
1267,census,survey
1268,chafe,to wear or abrade by rubbing
1269,chaff,"to use light, idle language by way of fun or ridicule"
1270,chagrin,"to bother or vex, to mortify"
1271,chastise,to punish or scold someone
1272,cherish,to treat with tenderness and affection
1273,chide,to scold or rebuke
1274,christen,"to perform the religious act of the baptism, to baptise"
1275,chronicle,a chronological record of important historical events
1276,circulate,to move in circles or through a circuit
1277,circumnavigate,to travel completely around somewhere or something
1278,circumscribe,to restrict (something) within limits
1279,circumvent,"to overcome a difficulty, typically in a clever way"
1280,cite,to quote
1281,clamber,to climb something with some difficulty
1282,clangour,"a loud, resonant sound, clang"
1283,clarify,to make clear or intelligible
1284,classify,"to identify by or divide into classes, to categorize"
1285,cleave,to split or sever something
1286,cloy,"to fill up or choke up, to stop up"
1287,coagulate,to become congealed
1288,coalesce,to grow together or into one body
1289,coddle,to treat in an indulgent or overprotective way
1290,coerce,to persuade
1291,cogitate,"to meditate, to ponder, to think deeply"
1292,cohere,to stick together
1293,coiffure,to style or arrange hair
1294,coincide,to occupy exactly the same space
1295,collaborate,to work together with others to achieve a common goal
1296,collapse,"to fall down suddenly, to cave in"
1297,collate,to gather pages in their proper sequence
1298,collide,"to impact directly, especially if violent"
1299,commandeer,to seize for military use
1300,commemorate,to honour the memory of someone or something with a ceremony
1301,commend,to praise formally or officially
1302,commingle,"to blend, to mix"
1303,commiserate,to feel or express compassion or sympathy for
1304,commission,to send or officially charge someone to do something
1305,commute,to travel from one's home to one's workplace
1306,compel,"(literally) to drive together, round up"
1307,compensate,"to pay someone in exchange for work done, etc."
1308,complement,"to complete, to bring to perfection, to make whole"
1309,complex,to form a complex with another substance
1310,complicate,to make complex
1311,comport,"to tolerate, bear"
1312,composed,"calm, tranquil, serene"
1313,compound,to come together
1314,compress,to press or squeeze together
1315,comprise,"to consist of, being made up of"
1316,compromise,to bind by mutual agreement
1317,compute,to reckon or calculate
1318,concatenate,"to join or link together, as though in a chain"
1319,concede,"to yield or suffer, to surrender, to grant (a point)"
1320,conceive,to develop an idea
1321,conciliate,"make calm and content, placate"
1322,concoct,to create or devise
1323,concur,"to unite or agree, to have a common opinion"
1324,condemn,to sentence (someone) to a particular punishment
1325,condense,to decrease size or volume by concentration
1326,condescend,to stoop or deign to do something
1327,condescending,showing patronizing descent from dignity orsuperiority
1328,condonance,the overlooking or implied forgiving of an offense
1329,condone,accept and allow (morally wrong or offensive behavior)
1330,conduce,to contribute or lead to a specific result
1331,confederate,joined by an agreement or treaty
1332,confer,"to discuss, exchange opinions"
1333,confide,"to trust, have faith (in)"
1334,confiscate,to take or seize (someone's property) with authority
1335,conflate,to bring things together and fuse them into a single entity
1336,conform,to act in accordance with expectations
1337,confound,to cause surprise or confusion in (someone)
1338,confront,"to stand or meet facing, to oppose, to challenge"
1339,congeal,to change from a liquid to solid state perhaps by cold
1340,congest,to overfill or overcrowd
1341,congregate,"to collect into an assembly, to gather together"
1342,conjecture,"speculation, to express an idea without proof"
1343,conjoin,"to join, to combine"
1344,conjugate,to list the inflected forms of a verb for each person
1345,connive,to cooperate with others secretly in order to commit a crime
1346,connote,to signify beyond its literal or principal meaning
1347,conquer,"to defeat in combat, to subjugate"
1348,conscript,"to enrol compulsorily, to draft"
1349,consecrate,to make or declare (something) sacred
1350,consign,"to transfer to the custody of for sale, transport, etc."
1351,console,"to comfort (someone) in a time of grief, disappointment, etc"
1352,consolidate,"to combine into a single unit, to group together or join"
1353,consort,"a wife, husband, or companion"
1354,conspire,to plot something unlawful or harmful
1355,constrain,"to force physically, to compel"
1356,constrict,"to narrow, especially by applying pressure"
1357,construe,to interpret or explain the meaning of something
1358,consummate,"to bring to a state of perfectio, fulfill"
1359,contaminate,to introduce impurities or foreign matter
1360,contemplate,to ponder or consider
1361,contend,"to strive in opposition, to contest, to dispute"
1362,contort,to twist in a violent manner
1363,contravene,"to act contrary to an order, or fail to conform"
1364,contrive,"to form by an exercise of ingenuity, to devise, invent"
1365,contuse,"to injure without breaking the skin, to bruise"
1366,convalesce,to recover health and strength gradually after sickness
1367,convene,"to come together, to meet, to unite"
1368,converge,"of two or more entities, to approach each other"
1369,convey,to make an idea or feeling know or understandable
1370,convolve,"to roll or coil together, entwine"
1371,convoy,"to escort a group of vehicles, and provide protection"
1372,convulse,to violently shake or agitate
1373,correlate,to relate things having corresponding characteristics
1374,corroborate,"to confirm or give support to (a statement, etc.)"
1375,corrode,"to eat away by degrees, to wear away or diminish gradually"
1376,corrugate,to draw or bend into folds or alternate furrows and ridges
1377,cosset,to care for and protect in an overindulgent way
1378,counteract,"to act in opposition to, to hinder, defeat, or frustrate"
1379,counterfeit,to falsely produce what appears to be official or valid
1380,countermand,to rescind by giving an order contrary to a previous one
1381,countervail,to have the same value as
1382,course,"to run or flow, especially of liquids"
1383,covet,to yearn to possess or have (something)
1384,cower,to crouch or cringe in fear
1385,cozen,"to cheat, deceive or trick"
1386,crave,to feel a powerful desire for (something)
1387,creak,to make a prolonged sharp grating or squeaking sound
1388,cringe,to bow or crouch in servility
1389,critique,to give detailed analysis and assessment of something
1390,crusade,to make a grand concerted effort toward some cause
1391,crystallize,to make something form into crystals
1392,cull,to pick or take someone or something (from a larger group)
1393,culminate,to reach a climax or point of the highest development
1394,cultivate,to prepare and use (land) for crops or gardening
1395,curtail,to cut short
1396,dabble,to work at anything in an irregular or superficial manner
1397,dare,to have the courage to do something
1398,daunt,to make (someone) feel intimidated or apprehensive
1399,dead-heat,run of finish a race exactly even
1400,debase,to reduce in quality or value
1401,debauch,"to morally corrupt someone, to seduce"
1402,debilitate,to make someone weak and infirm
1403,debunk,"to discredit, or expose the exaggerated claims of something"
1404,debut,"to formally introduce, as to the public"
1405,decamp,to break up camp and move on
1406,decapitate,to remove the head of
1407,deceive,to trick or mislead
1408,decelerate,"to reduce speed, to slow down"
1409,decimate,"to kill, destroy, or remove large percentages of"
1410,decipher,to succeed in understanding or interpreting
1411,decorate,to furnish with ornaments
1412,decry,"to publicly denounce, to condemn"
1413,deduce,to reach a conclusion from something known or assumed
1414,deface,to damage something in a visible or conspicuous manner
1415,defalcate,"to misappropriate funds, to embezzle"
1416,defame,to try to diminish the reputation of
1417,defer,"to delay, or put off to a future time"
1418,defile,"to make impure, to make dirty"
1419,deflect,to make (something) deviate from its original path
1420,defoliate,to remove foliage from one or more plants
1421,deforest,to destroy or to fell all the trees of a forest
1422,deform,to remove the form of
1423,defraud,"to obtain money or property by fraud, to swindle"
1424,defray,to spend (money)
1425,defuse,to reduce the danger or tension in (a difficult situation)
1426,degrade,to lower in value or social position
1427,dehydrate,"to lose or remove water, to dry"
1428,deify,to make a god of (something or someone)
1429,deign,"to condescend, to accept as appropriate to one's dignity"
1430,deject,make sad or dispirited
1431,delegate,to entrust (a task or responsibility)
1432,deliberate,to consider carefully
1433,delineate,to describe or portray (something) precisely
1434,deliquesce,to melt and disappear
1435,delude,to deceive someone into believing something which is false
1436,deluge,to flood with water
1437,demagnetize,to remove the magnetic propreties of something
1438,demean,"to debase, to do something that is beneath one's dignity"
1439,demobilize,to release someone from military duty
1440,demolish,"to destroy, to full or knock down (a building)"
1441,demonstrate,clearly show the truth of (something) through proof
1442,demote,to lower the rank or status of something
1443,demur,to raise doubts or objections or show reluctance
1444,denigrate,"to criticize unfairly, to disparage"
1445,denizen,"to grant rights of citizenship to, to naturalize"
1446,denominate,"to call, to name"
1447,denote,"to indicate, to mark"
1448,denounce,to publicly declare to be wrong or evil
1449,denude,"to divest of all covering, to make bare or naked, to strip"
1450,deplete,to decrease seriously or exhaust the supply of (something)
1451,deplore,"to bewail, to weep bitterly over, to feel sorrow for"
1452,deploy,to arrange (usually a military unit or units) for use
1453,depopulate,to reduce the population of a region
1454,deport,to expel someone from a country
1455,deprave,to make morally bad or evil
1456,deprecate,to belittle or express disapproval of
1457,depreciate,to reduce in value over time
1458,depress,to press down on
1459,deracinate,"to pull up by the roots, to uproot, to extirpate"
1460,deride,"to harshly mock, ridicule"
1461,derive,to deduce (a conclusion) by reasoning
1462,descry,to see by looking carefully
1463,desecrate,to profane or violate the sacredness/sanctity of something
1464,desert,"to leave, to abandon, to forsake"
1465,desiccate,"lacking interest, passion, or energy"
1466,designate,"to mark out and make known, indicate"
1467,desist,"to cease to proceed or act, to stop"
1468,despair,"to give up as beyond hope or expectation, to despair of"
1469,despond,"to give up the will, courage, or spirit"
1470,deter,to prevent something from happening
1471,deteriorate,"to make worse, to make inferior in quality or value"
1472,detest,to dislike intensely
1473,detonate,to explode or cause to explode
1474,detract,"to take away, to withdraw or remove"
1475,detrude,to push downwards with force
1476,devastate,to destroy or ruin (something)
1477,develop,to grow or cause to grow and become more mature
1478,deviate,"to go off course from, to change course, to change plans"
1479,devise,to use one's intellect to plan or design (something)
1480,devitalize,"to deprive of vitality, make lifeless, weaken"
1481,devour,to eat (food or prey) hungrily or quickly
1482,diagnose,to determine the root cause of (a disease)
1483,dictate,"to order, command, control"
1484,diddle,"to cheat, swindle, hoax"
1485,differentiate,"to show, or be the distinction between two things"
1486,diffuse,"to pour out and spread, as liquid"
1487,digress,to deviate from the main subject in writing or speaking
1488,dilapidated,"fallen into partial ruin or decay, as from age or neglect"
1489,dilate,"to enlarge, to make bigger"
1490,dilute,to make thinner by adding a liquid or solvent
1491,disabuse,to persuade someone that an idea or belief is mistaken
1492,disadvise,"to advise against, to dissuade from"
1493,disagree,to not agree (harmonize)
1494,disallow,to refuse to allow
1495,disapprove,"to condemn, consider wrong or inappropriate"
1496,disarm,"to take away the weapons of, to render defenceless"
1497,disarrange,"to undo the arrangement of, to disorder, to derange"
1498,disarray,"to throw into disorder, to break the array of"
1499,disavow,"to disown, to repudiate, to refuse to acknowledge"
1500,disband,cause (an organized group) to break up
1501,disburden,"to remove the load from a pack animal, unload a vehicle, etc"
1502,disburse,"to pay out, expend, usually from a public fund or treasury"
1503,discard,"to throw away, to reject"
1504,discern,to perceive or recognize (something)
1505,discipline,to train someone by instruction and practice
1506,disclaim,"to renounce all claim to, to deny responsibility for"
1507,disclose,"to open up, unfasten"
1508,discolor,to change or lose color
1509,discombobulate,to disconcert or confuse (someone)
1510,discomfit,"to defeat completely, to rout"
1511,discomfort,to cause annoyance or distress
1512,disconcert,"to disturb the composure of, to unsettle"
1513,disconnect,to sever or interrupt a connection
1514,discountenance,"to have an unfavorable opinion of, to disapprove"
1515,discourse,"to engage in discussion or conversation, to converse"
1516,discover,"to remove the cover from, to uncover"
1517,discredit,"to harm the good reputation of a person, to defame"
1518,discriminate,"to recognize a distinction, to differentiate"
1519,disdain,to regard (someone or something) with strong contempt
1520,disencumber,to remove a burden
1521,disenfranchise,to deprive someone of a right of citizenship
1522,disengage,"to release or loosen from something that binds, unfasten"
1523,disentangle,"to free something from entanglement, to extricate or unknot"
1524,disfigure,change the appearance of something/someone to the negative
1525,disgruntle,to put into a bad mood or into bad humour
1526,dishearten,to cause someone to lose confidence
1527,disillusion,"to free or deprive someone of idealism, belief, etc"
1528,disinfect,to sterilize by the use of cleaning agent such as bleach
1529,disinherit,"to exclude from inheritance, to disown"
1530,disinter,to dig up (something buries)
1531,dislocate,to put something out of its usual place
1532,dislodge,to remove or force out from a position previously occupied
1533,dismount,to get off (something)
1534,disown,to refuse to own or to refuse to acknowledge one?ÇÖs own
1535,disparage,to regard or represent as being of little worth
1536,dispatch,to send a shipment with promptness
1537,dispel,"to drive away by scattering, or to cause to vanish"
1538,disperse,to scatter in different directions
1539,displace,"to move something/someone, especially forcibly from a home"
1540,disposition,to remove or place in a different position
1541,dispossess,to deprive someone of the possession of land
1542,disqualify,to deprive of qualification or fitness
1543,disquiet,make (someone) worried or anxious
1544,disregard,to ignore
1545,disrobe,to undress someone or something
1546,disrupt,to throw into confusion or disorder
1547,dissatisfy,to fail to satisfy
1548,dissect,to cut apart (something) to study its anatomy
1549,dissemble,"to disguise or conceal something, to feign"
1550,disseminate,"to scatter or spread widely, broadcast"
1551,dissent,to differ in opinion
1552,dissever,"to separate, split apart"
1553,dissimulate,to disguise or conceal under a false appearance
1554,dissipate,"to drive away, disperse"
1555,dissolve,"to make a solution of, by mixing with a liquid"
1556,dissuade,to convince not to try or do
1557,distemper,"to disturb and disorder, hence to make sick"
1558,distend,"to extend or expand, as from internal pressure, to swell"
1559,distill,to make something (esp. a liquid) in this way
1560,distinguish,to see someone or something as different from others
1561,distort,to bring something out of shape
1562,distrain,"to squeeze, press, to constrain, oppress"
1563,distrust,"to put no trust in, to have no confidence in"
1564,dither,to be uncertain or unable to make a decision about something
1565,divert,to turn aside from a course
1566,divest,"to undress, disrobe"
1567,divine,"to foretell (something), especially by the use of divination"
1568,divulge,to tell (a secret) so that it may become generally known
1569,doff,to remove a hat as a greeting or mark of respect
1570,dogmatize,to treat something as dogma
1571,dominate,"to govern, rule or control by superior authority or power"
1572,domineer,to rule over or control arbitrarily or arrogantly
1573,don,to put on (clothes)
1574,dragoon,"to force someone into doing something, to coerce"
1575,dramatize,to adapt a literary work so that it can be performed
1576,drawl,"to speak in a slow, lazy way with prolonged vowel sounds"
1577,drone,to produce a low-pitched hum or buzz
1578,drub,"to hit or beat (someone) repeatedly, thrash"
1579,dun,to ask or beset a debtor for payment
1580,dupe,"to swindle, deceive, or trick"
1581,duplex,something having two parts
1582,dwindle,"to decrease, shrink, diminish, reduce in size"
1583,economize,to avoid waste or extravagance
1584,edify,to instruct or improve (someone) morally or intellectually
1585,educe,"to draw out or bring out, elicit or evoke"
1586,efface,to erase (a mark) from the surface
1587,effeminate,(of a man) showing traits regarded as typical of a woman
1588,effervesce,"to emit small bubbles of dissolved gas, to froth or fizz"
1589,effuse,"to give (a liquid, light, smell, or quality)"
1590,egress,"to exit or leave, to go or come out"
1591,elaborate,to give further detail or explanation (about)
1592,elapse,to pass or move by
1593,electrotype,to make such a plate
1594,elicit,"to evoke, obtain, or provoke as a response or answer"
1595,eliminate,to completely destroy (a thing) so that it no longer exists
1596,elucidate,"to make clear, to clarify, to shed light upon"
1597,elude,"to evade, or escape from someone or something through skill"
1598,emaciate,to make extremely thin or wasted
1599,emanate,"to come from a source, stem out of"
1600,emancipate,"to set free from the power of another, to liberate, as:"
1601,embark,to get on a boat or ship or (outside the usa) an aeroplane
1602,embarrass,"to cause confusion and shame to, disconcert, abash"
1603,embellish,to make something more entertaining by adding extra details
1604,embezzle,to steal or misappropriate money one has been trusted with
1605,emblazon,to adorn with prominent markings
1606,embody,"to represent in a physical form, to incarnate or personify"
1607,embolden,to render (someone) more bold or courageous
1608,embroil,"to draw into a situation, to cause to be involved"
1609,emend,make corrections and improvements to a text
1610,emerge,to come into view
1611,emigrate,to leave the country in which one lives and settle elsewhere
1612,emit,to send out or give off
1613,emote,"to display emotions openly, especially while acting"
1614,emphasize,"to stress, give emphasis or extra weight to (something)"
1615,empower,to give permission or power to do something
1616,emulate,to match or surpass (a person or achievement) by imitation
1617,enact,to make (a bill) into law
1618,enamor,"to attract, to capture"
1619,encamp,to build and/or inhabit a camp or temporary shelter
1620,encapsulate,to cover something as if in a capsule
1621,encipher,convert (a message or piece of text) into a coded form; encrypt
1622,encompass,"to form a circle around, to encircle"
1623,encore,to call for an extra performance or repetition
1624,encourage,"to mentally support, to motivate, give courage"
1625,encroach,to advance gradually and in a way that causes damage
1626,encumber,to load down something with a burden
1627,endanger,"to expose to danger, to risk causing harm to"
1628,endear,to make dear or precious
1629,endearing,tending to make dear or beloved
1630,endeavor,to attempt through application of effort
1631,endorse,"to support or give one's approval to, especially officially"
1632,endow,"to furnish, as with some talent, faculty, or quality"
1633,endue,"to invest or endow with some gift, quality, or faculty"
1634,endure,"to hold out against, sustain without impairment or yielding"
1635,enduring,"lasting, permanent, present participle of endure"
1636,enervate,"to deprive of force or strength, weaken"
1637,enfeeble,"to make feeble, to weaken"
1638,enfranchise,"to admit to citizenship, especially to grant voting rights"
1639,engage,to occupy the attention or efforts
1640,engender,"to produce, cause, or give rise to"
1641,engrave,to carve text or symbols into (something)
1642,engross,"to occupy completely, as the mind or attention"
1643,engulf,to overwhelm
1644,enhance,"to raise to a higher degree, intensify, magnify"
1645,enjoin,"to lay upon, as an order or command, to order, to charge"
1646,enkindle,"to kindle, to arouse or evoke"
1647,enlighten,"to supply with light, to illuminate"
1648,enlist,"to join a cause or organization, especially military"
1649,ennoble,"to bestow with nobility, honour or grace"
1650,enrage,"to fill with rage, to provoke to frenzy or madness"
1651,enrapture,"to fill with great delight or joy, to fascinate"
1652,ensconce,to place in a secure environment
1653,enshrine,to enclose (a sacred relic etc ) in a shrine or chest
1654,enshroud,to cover with (or as if with) a shroud
1655,ensnare,"to entrap, to catch in a snare or trap"
1656,entail,to imply or require
1657,entangle,to twist in such a manner as not to be easily separated
1658,enthrall,to captivate or charm
1659,enthrone,to invest with sovereign or episcopal authority
1660,enthuse,to cause (someone) to feel enthusiasm or to be enthusiastic
1661,entice,"to lure, to attract by arousing desire or hope"
1662,entreat,"to treat, or conduct toward, to deal with, to use"
1663,entrench,"to place in a position of strength, establish firmly"
1664,entwine,to twist or twine around something (or one another)
1665,enunciate,to make a definite or systematic statement of
1666,envenom,to make poisonous
1667,epitomize,"to serve as a typical example of, typify"
1668,equalize,to make equal
1669,equivocate,"to use unclear expressions, usually in order to mislead"
1670,eradicate,to remove or destroy utterly
1671,erode,"to wear away by abrasion, corrosion or chemical reaction"
1672,err,to make a mistake
1673,escalate,"to increase (something) in extent or intensity, intensify"
1674,eschew,"to abstain or keep away from, shun, avoid"
1675,espouse,"to make one's own, adopt or embrace, as a cause"
1676,espy,"to catch sight or, to perceive with the eyes, to discover"
1677,esquire,"to attend, wait on, escort"
1678,esteem,to regard someone with respect
1679,estrange,"to cause to feel less close or friendly, alienate"
1680,eulogize,"to praise or pay homage to, especially in a formal eulogy"
1681,evacuate,to leave or withdraw from
1682,evade,"to get away from by artifice, to avoid by dexterity"
1683,evanesce,to disappear into a mist or dissipate in vapor
1684,evanescence,"to disappear gradually, vanish, fade away"
1685,evert,to turn inside out
1686,evict,to expel (one or more people) from their property
1687,evince,"to show or demonstrate clearly, to manifest"
1688,evoke,to cause a thing to manifest in someone's mind
1689,evolve,to develop gradually
1690,exacerbate,"to increase the severity, bitterness, or violence of "
1691,exacting,rigid or severe in demands or requirements
1692,exaggerate,"to overstate, to describe more than is fact"
1693,exalt,"to raise in rank, honor, power, character, quality"
1694,exasperate,"to irritate or provoke to a high degree, annoy extremely"
1695,excavate,"to make a hole in (something), to hollow"
1696,exceed,"to be larger, greater than (something)"
1697,excel,to be better or do better than someone or something
1698,excoriate,to denounce or berate severely
1699,excruciate,"to inflict intense pain on (someone), to torture"
1700,exculpate,"to clear from a charge of guilt or fault,vindicate"
1701,exemplify,to show or illustrate by example
1702,exempt,to grant (someone) freedom or immunity from
1703,exert,to put in vigorous action
1704,exhale,to expel air from the lungs
1705,exhilarate,"to enliven, invigorate, stimulate"
1706,exhort,"to urge, advise, or caution earnestly, admonish urgently"
1707,exhume,"to dig out of the ground, to take out of a place of burial"
1708,exonerate,"to relieve (someone or something) of a load, to unburden"
1709,exorcise,"to drive out an evil spirit from a person, place or thing"
1710,expand,to change from a smaller size to a larger one
1711,expatiate,"to range at large, or without restraint"
1712,expectorate,to cough up fluid from the lungs
1713,expedite,to accelerate the progress of
1714,expend,to consume or exhaust some resource
1715,expiate,to atone or make reparation for
1716,explicate,"to explain meticulously or in great detail, to analyze"
1717,exploit,to use for one?ÇÖs own advantage
1718,expostulate,to protest or remonstrate
1719,expound,to set forth or state in detail
1720,expurgate,"to edit out incorrect, or otherwise undesirable information"
1721,extenuate,"to represent (a fault, offense, etc ) as less serious"
1722,extinguish,"to put out, as in fire, to end burning, to quench"
1723,extirpate,"to remove or destroy totally, do away with, exterminate"
1724,extol,"to praise highly, laud, eulogize"
1725,extort,to take by illegal exercise of power or ingenuity
1726,extradite,to move a person from one state to another by legal process
1727,extrapolate,to infer (an unknown) from something that is known
1728,extricate,"to free, disengage, loosen, or untangle"
1729,extrude,to push or thrust out
1730,exude,"to discharge through pores, to emit, to give out"
1731,exult,"to rejoice, be very happy"
1732,fabricate,"to form into a whole by uniting its parts, to construct"
1733,facet,"one of the small, polished plane surfaces of a cut gem"
1734,facilitate,to make easy or easier
1735,facsimile,"to send via a facsimile machine, normally spoken as ?Ç£fax?Ç¥"
1736,fallow,to make land fallow for agricultural purposes
1737,falter,to waver or be unsteady
1738,famish,"to suffer or cause to suffer extreme hunger, starve"
1739,fathom,"to penetrate to the truth of, comprehend, understand"
1740,fawn,to exhibit affection or attempt to please
1741,federate,to unite in a federation
1742,feign,"to represent by a false appearance of, to pretend"
1743,feint,a movement made in order to deceive an adversary
1744,felicitate,"to congratulate, to compliment upon a happy event"
1745,fertilize,to make (the soil) more fertile by adding nutrients to it
1746,fete,to celebrate (a person)
1747,fetter,to shackle or bind up with fetters
1748,fidget,"to wiggle or twitch, to move around nervously or idly"
1749,filch,"to steal, to illegally take possession of"
1750,filibuster,to force a decision
1751,finesse,"extreme delicacy or subtlety in action, performance, etc"
1752,fission,the act of cleaving or splitting into parts
1753,fixture,"to furnish with, as, or in a fixture"
1754,flabbergasted,simple past tense and past participle of flabbergast
1755,flaunt,"to parade, display with ostentation"
1756,fleeting,"passing swiftly, vanishing quickly, transient, transitory"
1757,flinch,to make an involuntary movement in response to stimulus
1758,flourish,to thrive or grow well
1759,flout,"to treat with disdain, scorn, or contempt, scoff at, mock"
1760,fluctuate,"to vary irregularly, to swing"
1761,fluke,to obtain a successful outcome by pure chance
1762,fluster,"to confuse, befuddle"
1763,flux,flowing or flow
1764,fodder,to feed animals (with fodder)
1765,foil,to prevent (something) from being accomplished
1766,foist,to introduce or insert surreptitiously or without warrant
1767,fondle,to touch or stroke lovingly
1768,forage,to wander or go in search of provisions
1769,foray,"to scour (an area or place) for food, treasure, booty etc"
1770,forbear,"to keep away from, to avoid, to abstain from, to give up"
1771,forbid,"to command not to do something, have something, etc"
1772,ford,to cross a stream using a ford
1773,forebode,"to predict a future event, to hint at something"
1774,foreclose,repossess property whose owner has failed to make payments
1775,forego,"to precede, to go before"
1776,forejudge,"to prejudge, to judge beforehand"
1777,foreordain,to predestine or preordain
1778,forerun,to run in front
1779,foresee,"to anticipate, to predict"
1780,forestall,"to prevent, delay or hinder something, to avert"
1781,foretell,to tell what's going to happen in the future
1782,forfeit,to suffer the loss of something by wrongdoing
1783,forfend,"to prohibit, to forbid, to avert"
1784,forge,"to form by heating and hammering, beat into shape"
1785,forgo,"to let pass, to leave alone"
1786,forsake,"to abandon, to give up, to leave (permanently), to renounce"
1787,forswear,"to renounce or deny something, especially under oath"
1788,fortify,to protect or strengthen against attack
1789,foster,to nurture offspring or to provide similar to another child
1790,fracture,"to break, or cause something to break"
1791,fray,"to unravel, used particularly for the edge of cloth"
1792,fresco,"painting on a moist, plaster surface"
1793,frizz,"of hair, to form into a mass of tight curls"
1794,frizzle,to fry something until crisp and curled
1795,fulminate,"to explode with a loud noise, detonate"
1796,fumigate,"to disinfect, purify, rid of vermin with the chemical fumes"
1797,furbish,to polish or burnish
1798,furlough,a usually temporary layoff from work
1799,furrow,"to make (a) groove, a cut(s) in (the ground etc )"
1800,further,to encourage growth
1801,fuse,"to melt together, to blend, to mix indistinguishably"
1802,gainsay,"to deny, dispute, or contradict"
1803,galvanize,to stimulate by or as if by a galvanic (electric) current
1804,gambol,"to skip about, as in dancing or playing, frolic"
1805,gape,to open the mouth wide as in a yawn or surprise
1806,garble,"to confuse unintentionally or ignorantly, jumble"
1807,garner,"to reap grain, gather it up, and store it in a granary"
1808,garnish,"to decorate with ornamental appendages, to adorn"
1809,garrison,to assign troops to a military post
1810,garrote,to execute by strangulation
1811,gauge,"to measure or determine capacity, character, or ability"
1812,generalize,"to speak in generalities, or in vague terms"
1813,germinate,to begin to grow or develop
1814,gesticulate,"to make gestures or motions, as in speaking, to use postures"
1815,gesticulate,to make animated gestures while speaking
1816,gesture,to make a gesture or gestures
1817,gibbering,speaking inarticulately or meaninglessly
1818,gibe,to utter mocking or scoffing words
1819,gladden,to cause (something) to become glad
1820,glean,"to gather slowly and laboriously, bit by bit"
1821,glimmer,to shine with a faint light
1822,glimpse,to see or view briefly or incompletely
1823,gloat,to exhibit a conspicuous sense of self-satisfaction
1824,glut,"to fill to capacity, to satisfy all requirement or demand"
1825,gnash,to grind one's teeth in pain or in anger
1826,goad,"to prick or drive with, or as if with, a goad, prod"
1827,granulate,to segment into tiny grains or particles
1828,grapple,to seize something and hold it firmly
1829,grate,"to shred things, usually food, by rubbing across a grater"
1830,gratify,"to give pleasure by satisfying desires, to indulge"
1831,grimace,"to distort one's face, to make faces"
1832,grovel,to humble oneself or act in an abject manner
1833,guess,to reach a partly (or totally) unqualified conclusion
1834,guffaw,to laugh boisterously
1835,guzzle,"to drink quickly, voraciously, or to excess"
1836,gyrate,"to revolve round a central point, to revolve"
1837,hackney,to make uninteresting or trite by frequent use
1838,hail,"to cheer, salute, or greet, welcome"
1839,hallow,"to make holy, to sanctify"
1840,hamper,"to hold back, hinder, impede"
1841,hap,"to happen, to befall, to chance"
1842,harangue,to give a forceful and lengthy lecture or criticism
1843,harass,to fatigue or to tire with repeated and exhausting efforts
1844,heckle,to harass with impertinent questions or gibes
1845,heed,to give careful attention to
1846,henpeck,to nag persistently
1847,hew,"to strike forcibly with a cutting instrument, chop"
1848,hinder,"to make difficult to accomplish, act as obstacle"
1849,hoard,"to amass, usually for one's personal collection"
1850,hone,to sharpen on a hone
1851,hoodwink,to deceive or trick
1852,huckster,"to haggle, to wrangle, or to bargain"
1853,humanize,"to give, cause to have the fundamental properties of a human"
1854,humbug,to play a trick on
1855,humiliate,to injure a person's dignity and self-respect
1856,hustle,to rush or hurry
1857,hypnotize,to induce somebody into a state of hypnosis
1858,idealize,to regard something as ideal
1859,idolize,"to make an idol of, or to worship as an idol"
1860,illuminate,to shine light on something
1861,illumine,to illuminate
1862,imbibe,to drink (used frequently of alcoholic beverages)
1863,imbrue,"to stain (in, with, blood, slaughter, etc )"
1864,imbue,to stain an object completely with some physical quality
1865,immerse,"to put under the surface of a liquid, to dunk"
1866,immigrate,to move into another country to stay there permanently
1867,immolate,to sacrifice
1868,immortalize,"to bestow unending fame upon, perpetuate"
1869,immure,"to cloister, confine, imprison, to lock up behind walls"
1870,impair,"to weaken, to affect negatively"
1871,impart,"to make known, to tell, to relate"
1872,impede,"to obstruct, hinder"
1873,impel,"to urge a person, to press on, to incite to action or motion"
1874,impend,to be about to happen or occur
1875,imperil,"to put into peril, to place in danger or cause a hazard"
1876,impersonate,to assume the character or appearance of
1877,impinge,"to make an impression, have an effect or impact"
1878,implement,"to bring about, to put into practice"
1879,implicate,"to show to be involved, usually in an incriminating manner"
1880,imply,to indicate or suggest without being explicitly stated
1881,importunate,"to importune, or to obtain by importunity"
1882,importune,to harass with persistent requests
1883,impoverish,make poor
1884,impregnate,to cause to become pregnant
1885,improvise,to compose and perform without previous preparation
1886,impugn,"to challenge as false,cast doubt upon"
1887,impugned,dispute the validit or honesty of a statement or motive
1888,impute,"to reckon as pertaining or attributable, to attribute"
1889,inaugurate,to induct into office with a formal ceremony
1890,incapacitate,to make incapable (of doing something)
1891,incarcerate,"to imprison, confine"
1892,incense,to anger or infuriate
1893,incinerate,to destroy by burning
1894,incise,"to cut into, cut marks, figures, etc"
1895,incite,"to rouse, stir up or excite"
1896,increment,"to increase by steps or by a step, especially by one"
1897,inculcate,"to implant by repeated statement, teach persistently"
1898,indemnify,"to compensate for damage or loss sustained, expense, etc"
1899,indict,"to accuse of wrongdoing, charge"
1900,induce,"to lead by persuasion or influence, incite"
1901,induct,"to formally or ceremoniously install in an office, position"
1902,indulge,"(often followed by ""in""): to yield to a temptation or desire"
1903,inebriate,to cause to be drunk
1904,infer,"to derive by reasoning, conclude from premises or evidence"
1905,infest,to live in or overrun to an unwanted degree
1906,infiltrate,"to surreptitiously penetrate, enter or gain access"
1907,infirm,"to contradict, to provide proof that something is not"
1908,infringe,"break or violate a treaty, a law, a right etc"
1909,infuse,"to cause to become an element of something, insert or fill"
1910,ingraft,"to insert, as of one plant into another, for propagation"
1911,ingratiate,to establish (oneself) in the favor or good graces of others
1912,inhibit,"to hinder, to restrain"
1913,inhume,to bury in a grave
1914,initiate,"to begin, to start, to introduce"
1915,inject,to pump (especially fluids) into a cavity or passage
1916,innovate,"to alter, to change into something new"
1917,inoculate,to introduce an antigenic substance or vaccine into the body
1918,inquire,to ask (about something)
1919,inscribe,"to write or cut words onto something, to engrave"
1920,insinuate,to make a way for or introduce something by subtle means
1921,instance,"to mention as a case or example, to refer to, to cite"
1922,instigate,"to goad or urge forward, to set on, to provoke, to incite"
1923,instill,to cause a quality to become part of someone's nature
1924,institute,to begin or initiate something
1925,insulate,"cover or line with material to prevent passage of heat, etc"
1926,insult,"to treat or speak to insolently, with contemptuous rudeness"
1927,inter,to bury in a grave
1928,interact,to act one upon another
1929,intercede,to plea on someone else's behalf
1930,intercept,"to stop, deflect or divert (something in progress or motion)"
1931,interject,to insert something between other things
1932,interlude,"an intervening episode, space, period, etc"
1933,intermediate,"to mediate, to be an intermediate"
1934,intermit,"to interrupt, to stop or cease temporarily, to suspend"
1935,interpolate,to introduce (something additional) between other things
1936,interpose,to insert something (or oneself) between other things
1937,interrogate,"to question or quiz, especially in a thorough manner"
1938,intersect,"to cross, to cut"
1939,intersperse,to mix irregularly something with something else
1940,intervene,"to come between, or to be between, persons or things"
1941,intimidate,"to make timid or fearful, to inspire or affect with fear"
1942,intoxicate,to stupefy by doping with chemical substances like alcohol
1943,intricate,to become enmeshed or entangled
1944,intrigue,to conceive or carry out a secret plan intended to harm
1945,intromit,"to send, put or let in, to introduce, to admit"
1946,introspect,consider one's own internal state or feelings
1947,intrude,to enter without permission
1948,inundate,"to cover with large amounts of water, to flood"
1949,inure,"to come into use, take or have effect"
1950,inured,"to accustom to hardship, difficulty, pain, etc"
1951,invalidate,"to make invalid, especially applied to contract law"
1952,inveigh,to protest strongly or attack vehemently with words
1953,inveigle,"to convert, convince or win over with flattery or wiles"
1954,invert,to turn (something) upside down or inside out
1955,invigorate,"to impart vigor, strength, or vitality to"
1956,invoke,"to call upon (a person, especially a god) for help"
1957,involve,"to roll or fold up, to wind round, to entwine"
1958,ire,"to anger, to fret, to irritate"
1959,irk,"to irritate, annoy, bother"
1960,irradiate,"to throw rays of light upon, to illuminate, to brighten"
1961,irrigate,to supply farmland with water
1962,irritate,"to provoke impatience, anger, or displeasure"
1963,isolate,to set apart or cut off from others
1964,itinerate,to travel from place to place
1965,jaded,dulled or satiated by overindulgence
1966,jaundice,"to color by prejudice or envy, to prejudice"
1967,jaunt,"to ramble here and there, to stroll, to make an excursion"
1968,jeer,to utter sarcastic or mocking comments
1969,jettison,to cast (goods) overboard in order to lighten a vessel
1970,joggle,"to shake slightly, to jostle, to jog"
1971,journalize,to record in a journal
1972,joust,to engage in mock combat on horseback
1973,juggle,"to manipulate objects, such as balls, clubs, etc artfully"
1974,jut,to stick out
1975,juxtapose,"to place close together or side by side, esp. for comparison"
1976,juxtaposition,to place in juxtaposition
1977,keen,"to sharpen, to make cold"
1978,kindle,to start (a fire) or light (a torch)
1979,knead,to work into a mass by repeated pressure with the knuckles
1980,labyrinth,"to enclose in a labyrinth, or as though in a labyrinth"
1981,lacerate,"to tear, rip or wound"
1982,lackey,"to attend, wait upon, serve obsequiously"
1983,ladle,to serve something with a ladle
1984,lambaste,to beat or whip severely
1985,lament,to feel or express sorrow or regret for
1986,lampoon,to satirize or poke fun at
1987,lance,"to pierce with a lance, or with any similar weapon"
1988,landscape,to do various grounds maintenance
1989,lapse,"to fall away gradually, to subside"
1990,laud,"to praise, to glorify"
1991,laureate,to honor with a wreath of laurel
1992,lave,"to pour or throw out, as water, lade out, bail"
1993,lavish,"to expend or bestow with profusion, to squander"
1994,leaven,to add a leavening agent
1995,legalize,alternative spelling of legalise
1996,legging,present participle of leg
1997,legislate,"to pass laws, incl. the amending or repeal of existing laws"
1998,legitimate,"to make legitimate, lawful, or valid"
1999,lever,to move with a lever
2000,leverage,"to use, to exploit, to take full advantage (of something)"
2001,levitate,to cause to rise in the air and float
2002,levy,"to impose a tax or fine, to collect monies due"
2003,libel,to defame someone
2004,liberate,"to free, to release from restraint or bondage"
2005,lien,alternative form of lain
2006,ligature,The act of binding or tying up
2007,limber,"bending readily, pliant, lithe"
2008,lionize,to treat (a person) as a celebrity
2009,liquefy,to make into a liquid by condensing a gas or melting a solid
2010,liquidate,to settle a debt by paying the outstanding amount
2011,liquor,"to drink liquor, usually to excess"
2012,lithograph,to create a copy of an image through lithography
2013,litigate,to go to law
2014,loathe,"to hate, detest, revile"
2015,loll,"to act lazily or indolently, to recline, to lean"
2016,loot,"to steal, especially as part of war, riot"
2017,louse,to remove lice from the body of a person or animal
2018,luxuriate,to enjoy luxury
2019,lynch,"to execute without a proper trial, especially by hanging"
2020,macadamize,"to cover with small, broken stones to form a smooth surface"
2021,macerate,to soften or separate (something) into pieces by soaking
2022,madden,to make angry
2023,magnetize,to make magnetic
2024,malign,to make defamatory statements about someone or something
2025,malinger,"to pretend illness, especially in order to shirk one's duty"
2026,maltreat,to treat badly
2027,maneuver,"to move (something) carefully, and often with difficulty"
2028,manifest,"to show plainly, to make to appear distinctly"
2029,manifold,"to make manifold, multiply"
2030,mantle,to cover or conceal (something)
2031,manumit,"to release from slavery, to free"
2032,mar,"to damage or spoil, render less perfect, attractive"
2033,maraud,to roam or go around in quest of plunder
2034,maroon,"to abandon in a remote, desolate place"
2035,marred,impaired appearance
2036,marshal,to arrange troops etc in line for inspection or a parade
2037,marvel,to become filled with wonderment or admiration
2038,masquerade,"to assemble in masks, to take part in a masquerade"
2039,massacre,to kill unnecessarily and indiscriminately
2040,masticate,to chew
2041,matriculate,to enroll in a college or university as a degree candidate
2042,matter,to be important
2043,meander,"to wind, turn, or twist, to make flexuous, to wander"
2044,mediate,to resolve differences between conflicting parties
2045,meliorate,"to make better, to improve, to heal or solve a problem"
2046,merge,to combine into a whole
2047,mesmerize,"to exercise mesmerism on, to spellbind, to enthrall"
2048,metamorphose,"to change the form or nature of, transform"
2049,mete,to measure
2050,microphone,to put one or more microphones on or in
2051,migrate,to move from one region to another according to the seasons
2052,militate,"to have a substantial effect, weigh heavily"
2053,mimic,"to imitate, especially in order to ridicule"
2054,minimize,to make (something) as small or as insignificant as possible
2055,mire,to weigh down
2056,misapprehend,"to interpret incorrectly, to misunderstand"
2057,misbehave,to act or behave in an inappropriate or improper manner
2058,misconstrue,"to understand incorrectly, to misunderstand"
2059,miscount,to incorrectly count or add up
2060,misinterpret,"to make an incorrect interpretation, to misunderstand"
2061,mislay,"to lose temporarily, misplace"
2062,mismanage,to handle a responsibility in a way which is inept
2063,misnomer,"to use a misleading term, to misname"
2064,misplace,to put something somewhere and then forget its location
2065,misrepresent,"to represent falsely, to inaccurately portray something"
2066,misrule,"of a trial judge, to make a bad decision in court"
2067,mistrust,to have no confidence in something
2068,misuse,to use (something) incorrectly
2069,miter,"to finish a material at an angle, as with sides of a frame"
2070,mitigate,"to lessen in force or intensity, moderate"
2071,moderate,to reduce the excessiveness of (something)
2072,modify,to make partial changes to
2073,modulate,"to regulate, adjust or adapt"
2074,mollify,"to soften in feeling or temper, as a person, pacify, appease"
2075,molt,"to shed hair, feathers, etc and replace with a fresh layer"
2076,moot,"of little or no practical value or meaning, purely academic"
2077,mortify,"to humiliate or shame, as by injury to one's pride"
2078,mottled,to mark with spots or blotches of a different color
2079,muddle,"to mix together, to mix up, to confuse"
2080,muffle,to wrap up in fabric for warmth or protection
2081,muse,"to become lost in thought, to ponder"
2082,muster,"to gather, summon, rouse (often followed by up )"
2083,mutilate,to injure or make imperfect by irreparably damaging parts
2084,narrate,to relate a story or series of events by speech or writing
2085,nauseate,to cause nausea
2086,navigate,to control the position and course of a vehicle on a journey
2087,negate,"to deny the existence, evidence, or truth of"
2088,nestle,to settle oneself comfortably and snugly
2089,nettle,to sting causing a rash in someone
2090,network,to interact for the purpose of connections or advancement
2091,neuter,to remove sex organs from an animal
2092,niggling,"petty, trivial, inconsequential"
2093,nominate,to appoint to a duty or office
2094,nonplus,"to perplex or bewilder someone, to confound or flummox"
2095,nonplussed,"to have been rendered utterly perplexed, puzzle completely"
2096,nurture,to nourish or nurse
2097,nuzzle,to touch someone or something with the nose
2098,obfuscate,"to confuse, bewilder, or stupefy"
2099,obligate,"to compel by a social, legal, or moral tie"
2100,obliterate,"to remove or destroy all traces of, do away with"
2101,obscure,"to darken, make faint etc"
2102,obstruct,to block or fill (a passage) with obstacles or an obstacle
2103,obtrude,to impose (something) on someone or into some area
2104,obvert,to turn so as to show another side
2105,obviate,to anticipate and prevent or eliminate by effective measures
2106,occlude,"to close, shut, or stop up (a passage, opening, etc )"
2107,officiate,to perform the functions of some office
2108,ogle,"to stare at (someone or something), especially covetously"
2109,opaque,"to make, render (more) opaque"
2110,opinion,to have or express as an opinion
2111,opt,"to choose, to select"
2112,orate,"to speak formally, to give a speech"
2113,ordain,to invest with ministerial functions or holy orders
2114,oscillate,"to swing back and forth, especially with a regular rhythm"
2115,osculate,to come into close contact or union
2116,ossify,to convert into or cause to harden like bone
2117,ostracize,to exclude (a person) from society or from a community
2118,ought,indicating duty or obligation
2119,oust,"to expel, to remove"
2120,outlast,"to live, last or remain longer than something else"
2121,outreach,to exceed
2122,outride,"to ride (a horse, bicycle, etc ) better than (someone)"
2123,outstretch,to extend by stretching
2124,outstrip,to outrun or leave behind
2125,outweigh,to exceed in weight or value
2126,overhang,to hang over (something)
2127,overleap,"to leap over, to jump over, to cross by jumping"
2128,overreach,to reach above or beyond in any direction
2129,overrun,to defeat an enemy and invade in great numbers
2130,oversee,"to supervise, guide, or direct actions of a person or group"
2131,overshadow,to dominate something and make it seem insignificant
2132,overstride,to surpass
2133,overthrow,"to bring about the downfall of a government, etc."
2134,pacify,"to bring peace by ending war, violence, anger or agitation"
2135,palliate,to relieve the symptoms of
2136,palpitate,"to throb, beat strongly"
2137,pander,to cater to or profit from the weaknesses of others
2138,paralyze,to afflict with paralysis
2139,paraphrase,"to restate something as, or to compose a paraphrase"
2140,parch,"to make extremely, excessively, or completely dry"
2141,parchmnet,"the skin of sheep, used as a material on which to write"
2142,pare,"to cut off the outer coating, layer or part of"
2143,parlay,"to bet or gamble on a subsequent race, contest, etc"
2144,parley,meeting between enemies under a truce to discuss terms
2145,parry,"to avoid, deflect, or ward off (an attack)"
2146,parse,to analyse in terms of grammatical constituents
2147,participate,"to join in, to take part, to involve oneself"
2148,patent,to register an invention with a government agency
2149,patronize,to behave in an offensively condescending manner toward
2150,patter,to make a rapid succession of light taps
2151,peculate,to steal or take dishonestly
2152,pedal,to operate a pedal attached to a wheel in a circular motion
2153,peddle,"to sell things, especially door to door"
2154,penetrate,to pierce through or pass into
2155,perambulate,"to walk about, roam or stroll"
2156,perceive,"to see, to be aware of, to understand"
2157,percolate,"to pass a liquid through a porous substance, to filter"
2158,perforate,"to pierce, to penetrate"
2159,perform,"to do something, to execute"
2160,perjure,to knowingly make a false statement while under oath
2161,permeate,to penetrate and pass through without causing rupture
2162,perpetuate,to cause to last indefinitely
2163,perplex,"to cause to be puzzled or bewildered, confuse mentally"
2164,persevere,to persist in anything undertaken
2165,persist,to go on steadfastly and resolutely
2166,perspire,to emit sweat or perspiration through the skin's pores
2167,persuade,to successfully convince (someone) to do something
2168,pert,boldly forward in speech or behaviour
2169,pertain,to have reference or relation
2170,perturb,"to disturb, to bother or unsettle"
2171,peruse,to examine or consider with care
2172,pervade,to become spread through all parts of
2173,pervert,to lead astray morally
2174,peter,"to dwindle, to trail off, to diminish to nothing"
2175,petrify,to convert into stone or a stony substance
2176,philander,to make love with a woman one cannot marry
2177,pilfer,to steal in small quantities
2178,pillage,"to loot or plunder by force, especially in time of war"
2179,pinioned,tie or hold the arms or legs of (someone)
2180,pique,to affect with irritation and resentment
2181,placate,to appease or pacify
2182,plod,to walk or move slowly and heavily
2183,pluck,"to pull something sharply, to pull something out"
2184,plummet,"to drop swiftly, in a direct manner, to fall quickly"
2185,poise,"calm self-assured dignity, especially in social situations"
2186,pollute,to make foul or unclean
2187,ponder,"to wonder, to think of deeply"
2188,pontificate,"to preside as a bishop, especially at mass"
2189,portend,to serve as a warning or omen
2190,posit,"to place, put or set"
2191,possess,"to have, to have ownership of"
2192,postdate,to date with a date in the future
2193,postulate,"to ask, demand or claim"
2194,prate,"to talk much and to little purpose, to babble"
2195,prattle,"to talk incessantly and in a childish manner, to babble"
2196,precede,"to go before, go in front of"
2197,preclude,"to prevent the occurrence of, make impossible"
2198,predispose,to make someone susceptible to something (such as a disease)
2199,preempt,to acquire something (before someone else does)
2200,preengage,to engage beforehand
2201,preestablish,to establish beforehand
2202,preexist,to exist before something else
2203,preoccupy,"to distract, to occupy or draw attention elsewhere"
2204,preordain,to determine the fate of something in advance
2205,prepossess,to occupy beforehand
2206,prescribe,to order (a drug) for use by a particular patient
2207,preservation,to keep alive or in existence
2208,preside,to occupy the place of authority or control
2209,prevail,"to be superior in strength, dominance, influence"
2210,prevaricate,"to deviate, transgress, to go astray (from)"
2211,privilege,to grant some particular right or exemption to
2212,probe,"to explore, investigate, or question"
2213,proceed,"to go forward or onward, to advance"
2214,procrastinate,"to put off, to delay taking action, to wait until later"
2215,proctor,to supervise or monitor
2216,procure,to obtain through special means
2217,profess,"to make open declaration of, to own or admit freely"
2218,proffer,"to offer for acceptance, to propose to give"
2219,prognosticate,to predict or forecast
2220,proliferate,to grow or produce by multiplication of parts
2221,prolong,to extend in space or length
2222,promenade,to walk
2223,promulgate,to make known or public
2224,propagate,to cause an organism to multiply
2225,propel,to cause to move in a certain direction
2226,prophesy,to speak or write with divine inspiration
2227,propitiate,to make favourably inclined
2228,propound,"to put forward, to offer for discussion or debate"
2229,proscribe,to forbid or prohibit
2230,proselytize,to encourage or induce people to join a religious movement
2231,prostrate,"to lie flat or facedown, to throw oneself down"
2232,protract,to draw out or lengthen
2233,protrude,"to bulge outward, to stick out"
2234,purl,to finish with loops or a looped edging
2235,purloin,to take dishonestly
2236,purport,"to convey, imply, or profess outwardly, often falsely"
2237,quack,to make a noise like a duck
2238,quadruple,to multiply something by four times
2239,quaff,"to drink something with hearty enjoyment, especially alcohol"
2240,quail,to lose heart or courage in difficulty or danger
2241,qualify,to describe something by listing its qualities
2242,quarter,to divide into four parts
2243,quaver,to shake in a trembling manner
2244,quell,to suppress or extinguish
2245,query,"to ask, inquire"
2246,quibble,to complain or argue in a trivial or petty manner
2247,radiate,"to extend, send or spread out from a center"
2248,rail,"to complain violently (against, about)"
2249,ramble,"to move about aimlessly, or on a winding course"
2250,ramify,to divide or spread out into branches or branchlike parts
2251,rankle,to cause irritation or deep bitterness
2252,rant,to speak or shout at length in an uncontrollable anger
2253,rapture,to experience great happiness or excitement
2254,rasp,to scrape or abrade with a rough instrument
2255,ratify,to confirm by expressing consent
2256,ravage,to devastate or destroy something
2257,ravel,"to pull apart (especially cloth or a seam), unravel"
2258,raze,"to demolish, to level to the ground"
2259,readjust,adjust again
2260,rearrange,to change the order or arrangement of (one or more items)
2261,reassure,to restore confidence to
2262,rebuff,"to refuse, to turn down or shut out"
2263,rebuild,to build again
2264,rebuke,"to criticise harshly, to reprove"
2265,rebut,to refute by evidence or argument
2266,recant,to withdraw or disavow
2267,recapitulate,to summarize or repeat in concise form
2268,recapture,to capture something for a second time
2269,recede,"to move back, to move away"
2270,reciprocate,to give or feel in return
2271,reck,"to care for, to heed, to regard, consider"
2272,reclaim,to demand the return or restoration of something as a right
2273,recline,"to cause to lean back, to bend back"
2274,recoil,"to pull back, especially in disgust, horror or astonishment"
2275,recollect,to remember
2276,recompense,to repay
2277,reconcile,to recreate friendly relationships
2278,reconnoiter,to inspect an area in order to gain information
2279,recount,"tell someone about something, give an account of an event"
2280,recoup,"to make back, as an investment"
2281,recreate,"to give new life, energy or encouragement"
2282,recruit,to enlist a person for service in one of the armed forces
2283,rectify,to correct or amend something
2284,recuperate,to get better from an illness
2285,recur,to occur again
2286,recure,"to cure, heal"
2287,redeem,to recover ownership of something by paying a sum
2288,redound,to contribute (to a specified situation or consequence)
2289,redress,"to put in order again, to set right, to emend, to revise"
2290,reek,"to emanate, as of vapour or perfume"
2291,reestablish,to restore to a previously operational state
2292,refer,to direct the attention of
2293,reform,to put into a new and improved form or condition
2294,refract,to change direction from entering a different medium
2295,refrain,to hold back from an impulse to say or do something
2296,refurbish,to rebuild or replenish with all new material
2297,refute,to prove (something) to be false or incorrect
2298,regale,to entertain lavishly or agreeably
2299,regenerate,to construct or create anew
2300,regress,"to move backwards to an earlier stage, to devolve"
2301,regurgitate,to throw up or vomit
2302,rehabilitate,to restore to a condition of good health
2303,reign,"to exercise sovereign power, or to rule as a monarch"
2304,reimburse,to repay money spent on one's behalf
2305,reinstate,to restore somebody to a former position or rank
2306,reiterate,to say or do (something) for a second time
2307,rejoin,to come again into the company of
2308,rejuvenate,to make young again
2309,relapse,to fall back into a former state
2310,relegate,to send or consign to an inferior position
2311,relent,"to become less severe or intense, to become less hard"
2312,relinquish,to renounce or surrender
2313,relish,liking or enjoyment of the taste of something
2314,remand,to send back
2315,reminisce,to recall the past in a private moment
2316,remit,"to forgive, pardon"
2317,remunerate,"to compensate, to pay"
2318,rend,to separate into parts with force or sudden violence
2319,render,to cause to become
2320,rendezvous,to meet at an agreed time and place
2321,renege,"to break a promise or commitment, to go back on one's word"
2322,renounce,"to give up, resign, surrender"
2323,renovate,to restore to good condition
2324,reorganize,"to organize something again, or in a different manner"
2325,repeal,"to cancel, invalidate, annul"
2326,repel,to drive or force back
2327,repine,"to be fretful, discontented"
2328,replenish,"to refill, to renew"
2329,repose,"to lay, to set down"
2330,reprehend,"to criticize, to reprove"
2331,repress,"to keep under control, or suppress"
2332,reprimand,to reprove in a formal or official way
2333,reproach,to criticize or rebuke someone
2334,reprove,to criticize or correct
2335,repudiate,"to reject the truth or validity of something, to deny"
2336,repulse,to repel or drive back
2337,repute,"to attribute or credit something to something, to impute"
2338,requite,"to return in kind, to repay, to recompense, to reward"
2339,rescind,"to repeal, annul, or declare void"
2340,reseat,"to provide (e g a room) with more, or new, seats"
2341,resent,to express or exhibit displeasure or indignation
2342,resolve,to find a solution to (a problem)
2343,resonate,to vibrate or sound
2344,resuscitate,"to restore consciousness, vigor, or life to"
2345,retaliate,to do something harmful or negative in revenge
2346,retch,to make an unsuccessful effort to vomit
2347,retort,to say something sharp or witty in answer to a remark
2348,retrace,to go back over
2349,retract,to pull back inside
2350,retrench,to cut down or reduce something
2351,retrieve,to regain or get back something
2352,retrograde,"to move backwards, to recede"
2353,retrogress,"to return to an earlier, simpler or worse condition"
2354,retrospect,"to look or refer back to, to reflect on"
2355,reunite,"to unite again, as after separation"
2356,revel,"to make merry, to have a gay, lively time"
2357,reverberate,to ring with many echoes
2358,revere,to regard someone or something with great awe or devotion
2359,revert,"to turn back, or to the contrary, to reverse"
2360,revile,to attack (someone) with abusive language
2361,revise,"to look at again, to reflect on"
2362,revoke,to cancel or invalidate by withdrawing or reversing
2363,rhapsodize,to talk with extravagant enthusiasm
2364,ridicule,to criticize or disapprove of scornfully
2365,rue,to feel sorrow over
2366,ruminate,to chew cud
2367,rupture,"to burst, break through, or split, as under pressure"
2368,salvage,"to save from shipwreck, fire, etc"
2369,satiate,"to fill to satisfaction, to satisfy"
2370,saturate,"to become completely penetrated, soaked"
2371,savor,to enjoy something with unhurried appreciation
2372,scoff,"to jeer, laugh at with contempt and derision"
2373,scope,"to perform a cursory investigation, as to scope out"
2374,scorn,to feel or display contempt or disdain for something
2375,scotch,to cut or score
2376,scribble,to write or draw carelessly and in a hurry
2377,scrutinize,to examine something with great care
2378,scuttle,to sink a boat deliberately by making openings in the bottom
2379,sear,to char the surface of something with a hot instrument
2380,secede,to withdraw formally from an alliance
2381,seclude,"to shut off or keep apart, as from company, society, etc"
2382,sedate,"to tranquilize by giving a sedative, to induce sleep"
2383,seduce,to entice someone to engage in a sexual relationship
2384,seethe,to be in a state of agitation or excitement
2385,seize,"to deliberately take hold of, to grab or capture"
2386,sentence,to declare a sentence on a convicted person
2387,sequence,to arrange in an order
2388,sequester,to separate from all external influence
2389,sequestrate,to sequester
2390,sever,to cut free
2391,shriek,"to utter a loud, sharp, shrill sound or cry"
2392,shrivel,"to collapse inward, to crumble"
2393,shunt,to turn away or aside
2394,sibilate,to hiss
2395,sic,written parenthetically to show something quoted verbatim
2396,simulate,to model or replicate the appearance or properties of
2397,singe,to burn slightly
2398,skirmish,to engage in a minor battle or dispute
2399,skulk,to move in a stealthy manner
2400,slake,"to allay thirst, desire, etc, by satisfying it"
2401,slight,"very small in size, degree, amount, or importance"
2402,slough,to shed (skin)
2403,smelt,to fuse or melt ore in order to separate the metal contained
2404,sojourn,to reside somewhere temporarily
2405,solicit,to persistently try to get something or bring about an event
2406,sophisticate,make worldly-wise
2407,spawn,to produce or deposit (eggs) in water
2408,speculate,"to think, meditate or reflect on a subject"
2409,spurn,"to reject disdainfully, contemn, scorn"
2410,squabble,to participate in a minor fight or argument
2411,squander,"to waste, lavish, splurge"
2412,stagnate,"to cease motion, activity, or progress"
2413,stanch,to stop the flow of
2414,staunch,to stop the flow of (blood)
2415,stifle,"to quell, crush or end by force"
2416,stigmatize,"to characterize as disgraceful, to mark with a stigma"
2417,stimulate,to encourage into action
2418,stipulate,to require (something) as a condition of a contract
2419,stoke,"to stir up and feed, especially, a fire or furnace"
2420,strut,"to walk with a vain, pompous bearing"
2421,stultify,"to make, or cause to appear, foolish or ridiculous"
2422,stupefy,"to dull capacity to think, thereby reducing responsiveness"
2423,stymie,"to hinder, block or thwart"
2424,subdue,"to overcome, quieten, or bring under control"
2425,subjugate,to forcibly impose obedience or servitude
2426,sublimate,to change from a solid to a gas without becoming liquid
2427,submerge,to sink below the surface of water or another medium
2428,subordinate,to make subservient
2429,subside,"to sink or fall to the bottom, to settle, as lees"
2430,subsist,to survive on a minimum of resources
2431,substantiate,to establish by proof or competent evidence
2432,subtend,to extend or stretch underneath or opposite something
2433,subvert,"to overturn from the foundation, to overthrow"
2434,succumb,to yield to an overpowering force or overwhelming desire
2435,suffice,to be enough or adequate
2436,suffuse,"to spread through or over something, especially as a liquid"
2437,sully,"to soil, stain or tarnish"
2438,sunder,to separate
2439,superadd,to add on top of a previous addition
2440,superannuate,to allow to retire from office on a pension because of age
2441,superintend,"to oversee the work of others, to supervise"
2442,supersede,"to replace in power, effectiveness, use, etc"
2443,supervene,to take place or occur as something additional or extraneous
2444,supplant,"to take the place of, to replace, to supersede"
2445,supplicate,"humble oneself before another in making a request, to beg"
2446,suppress,"to hold in place, to keep low, to prevent publication"
2447,surmise,a conclusion drawn on limited evidence or intuitive feeling
2448,surmount,"to get over, to overcome"
2449,surpass,exceed; be greater than
2450,surrogate,to substitute something with something else
2451,surround,to encircle
2452,suspect,to suppose (something) to be true without evidence
2453,swathe,"to bind with a swathe, band, bandage, or rollers"
2454,tantalize,to tease by offering something but keeping it out of reach
2455,tantamount,"to amount to as much, to be equivalent"
2456,tarnish,to oxidize or discolor due to oxidation
2457,taunt,"to goad (a person) into responding, often aggressively"
2458,teem,to be stocked to overflowing
2459,temper,to moderate or control
2460,temporize,to be indecisive or evasive to gain time
2461,tempt,to entice to do something often regarded as unwise or wrong
2462,tenure,the holding or possessing of something
2463,terminate,to finish or end
2464,terrify,"to frighten greatly, to fill with terror"
2465,theorize,to formulate theories about some specific subject
2466,thrive,prosper; flourish
2467,thwart,"to prevent, to halt, to cause to fail, to foil, to frustrate"
2468,tinge,to colour slightly
2469,titter,to laugh or giggle in a somewhat subdued manner
2470,totter,"to walk, move or stand unsteadily or falteringly"
2471,traduce,"to slander, or to speak maliciously and falsely of"
2472,transact,"to do, carry through, conduct or perform some action"
2473,transcend,to rise above or go beyond
2474,transcribe,to make a written copy of spoken material
2475,transfigure,to transform the outward appearance of something
2476,transfuse,to transfer or pass from one to another
2477,transgress,"to violate a law, command, moral code, etc"
2478,transliterate,to change into corresponding characters of another alphabet
2479,transmit,"to send something from one person, place or thing to another"
2480,transmute,to change from one form into another
2481,transpire,"to occur, happen or take place"
2482,transplant,to transfer something from one place to another
2483,traverse,"to pass or move over, along or through"
2484,tremor,to shake or quiver excessively and rapidly or involuntarily
2485,triplicate,to make three identical copies of something
2486,trisect,to cut into three pieces
2487,truckle,to submit or yield tamely
2488,truncate,to shorten something as if by cutting off part of it
2489,typify,"to embody, exemplify, to represent by an image"
2490,undeceive,"to free from misconception, deception or error"
2491,undercharge,to charge less than the correct amount
2492,underexpose,expose (film or an image) for too short a time
2493,underlie,to lie in a position directly beneath
2494,undermine,to attempt to subvert through stealth
2495,underrate,"to underestimate, to make too low a rate or estimate"
2496,underscore,"to underline, to mark a line beneath text"
2497,undersell,to sell goods for a lower price than a competitor
2498,understate,to minimise or downplay
2499,underwrite,"to write under, especially under other written matter"
2500,undulate,to cause to move in a wavelike motion
2501,unfetter,free from restraint
2502,unfrock,to remove from status as a member of a clergy
2503,unify,"to become one, merge, combine"
2504,unravel,to separate the threads (of)
2505,unsettle,to make upset or uncomfortable
2506,unyoke,to release something from a yoke or harness
2507,upbraid,to find fault with or reproach severely
2508,upcast,"to cast or throw up, to turn upward"
2509,upheave,"to heave or lift up, raise up or aloft"
2510,uproot,to tear away from a native place or environment
2511,upstart,"to rise suddenly, to spring"
2512,upturn,to turn (something) up or over
2513,usurp,"to seize power from another, usually by illegitimate means"
2514,vacate,"to move out of a dwelling, either by choice or by eviction"
2515,vaccinate,treat with a vaccine to produce immunity against a disease
2516,vacillate,to waver in opinion
2517,validate,to confirm
2518,variegate,to make varied in appearance
2519,veer,to change from one course or direction to another
2520,vegetate,to grow or sprout
2521,venerate,to regard or treat with reverence
2522,venture,to undertake a risky or daring journey
2523,verify,to substantiate or prove the truth of something
2524,vex,to irritate
2525,vie,to contend for superiority
2526,vilify,to say defamatory things about someone or something
2527,vindicate,"to clear from an accusation, suspicion or criticism"
2528,vitiate,to impair the quality of
2529,vituperate,to criticize in a harsh or abusive manner
2530,vivify,to bring to life
2531,vociferate,to speak or cry out loudly
2532,vouchsafe,"to grant or give, as by favor, graciousness or condescension"
2533,waft,to carry lightly and smoothly through the air or over water
2534,waive,to refrain from claiming or insisting on
2535,wallow,to move lazily or heavily
2536,wane,"to decrease in strength, intensity, etc"
2537,warp,to bend or twist out of shape
2538,waver,"to sway back and forth, to totter or reel"
2539,waylay,to lie in wait for and attack from ambush
2540,wean,to accustom a child to food other than mother's milk
2541,welter,"to roll, toss or heave"
2542,wheedle,"to influence a person by smooth, flattering words or acts"
2543,whelp,to give birth
2544,whet,to sharpen by grinding or friction
2545,whine,to utter a complaining cry or sound
2546,wield,"to command, rule over, to possess or own"
2547,winnow,to remove lighter particles from grain
2548,wither,to shrivel
2549,wizen,to become wrinkled by shrinkage as from age or illness
2550,wrangle,"to bicker, or quarrel angrily and noisily"
2551,wreak,"to inflict, especially if causing harm or injury"
2552,wrench,to twist suddenly and forcibly
2553,wrest,to pull or twist violently
2554,writhe,"to twist or turn so as to distort, to wring"
2555,yearn,to have earnest or strong desire
2556,enumerate,"to mention separately as if in counting, name one by one"
2557,expatriate,to banish (a person) from his or her native country
2558,expunge,"to strike or blot out, erase"
2559,foment,"to instigate or foster (discord, rebellion, etc )"
